seq_recovery,seq,true_seq,protein_name,WT_name,num,loglikelihood,ddg,ddg_eval,scrmsd
0.2982456088066101,KVLDAFAVLAALLRPLLAALFPDLDEEELERLLRELWALLTPEQRLPFVLLALALAL,RPMNAFMVWARIHRPALAKANPAANNAEISVQLGLEWNKLSEEQKKPYYDEAQKIKE,7JJK.pdb,7JJK.pdb,0,-131.2464599609375,0.7867483,-0.03300433,1.141325831413269
0.2982456088066101,KVLDAFAVLAALLRPLLAALFPDLDEEELERLLRELWALLTPEQRLPFVLLALLLAL,RPMNAFMVWARIHRPALAKANPAANNAEISVQLGLEWNKLSEEQKKPYYDEAQKIKE,7JJK.pdb,7JJK.pdb,1,-131.14830017089844,0.78361297,-0.03852719,1.2379577159881592
0.2982456088066101,AVLDAFDVLAALLRPLLAALFPDLDDAQLAELLRRLWALLTPEQRLPFVLLALALAA,RPMNAFMVWARIHRPALAKANPAANNAEISVQLGLEWNKLSEEQKKPYYDEAQKIKE,7JJK.pdb,7JJK.pdb,2,-129.92543029785156,0.79211557,0.11817855,1.4160690307617188
0.3157894611358642,KVLDAFEVLFKLLYPLLAKLFPDLNEEELLELLKKIWELLTEEEKLPFILLAKLLSL,RPMNAFMVWARIHRPALAKANPAANNAEISVQLGLEWNKLSEEQKKPYYDEAQKIKE,7JJK.pdb,7JJK.pdb,3,-140.47378540039062,0.7550399,0.36973143,1.0511720180511475
0.3508771955966949,KVLDAFEVLKKELYPLLKKLFPDLNEEELEKLLKEIWAKLTEEEKLPYILKALELKL,RPMNAFMVWARIHRPALAKANPAANNAEISVQLGLEWNKLSEEQKKPYYDEAQKIKE,7JJK.pdb,7JJK.pdb,4,-138.07952880859375,0.67045945,-0.62665135,2.5883054733276367
0.3157894611358642,AVLDAFAVLAALLRPLLAALFPDLNEEELAELLRRLWALLTPEQRLPFLLLAAALAA,RPMNAFMVWARIHRPALAKANPAANNAEISVQLGLEWNKLSEEQKKPYYDEAQKIKE,7JJK.pdb,7JJK.pdb,5,-130.11480712890625,0.7692255,-0.021557786,1.2137293815612793
0.2982456088066101,KVLDAFDVLAALLRPLLAALFPDLDEEELEELLRRLWALLTEEERLPFILLALLLAL,RPMNAFMVWARIHRPALAKANPAANNAEISVQLGLEWNKLSEEQKKPYYDEAQKIKE,7JJK.pdb,7JJK.pdb,6,-137.1808319091797,0.8241034,0.04112655,0.895943820476532
0.2982456088066101,AVLDAFDVLAALLRPLLAALFPDLDEEELERLLRELWALLTEEERLPFRLLAELLAR,RPMNAFMVWARIHRPALAKANPAANNAEISVQLGLEWNKLSEEQKKPYYDEAQKIKE,7JJK.pdb,7JJK.pdb,7,-132.212646484375,0.7905127,-0.32703254,1.27653968334198
0.2982456088066101,AVLDAFAVLAALLRPLLAALFPDLDEEELERLLRELWALLTPEQRLPFVLLALLLAL,RPMNAFMVWARIHRPALAKANPAANNAEISVQLGLEWNKLSEEQKKPYYDEAQKIKE,7JJK.pdb,7JJK.pdb,8,-128.2030029296875,0.78985333,-0.020572588,1.0292725563049316
0.3157894611358642,AVLDAFAVLAALLRPLLAALFPDLDEAELAELLRRLWALLTPEQRLPFVLLALLLAL,RPMNAFMVWARIHRPALAKANPAANNAEISVQLGLEWNKLSEEQKKPYYDEAQKIKE,7JJK.pdb,7JJK.pdb,9,-125.52987670898438,0.7858587,0.15055756,1.0567972660064697
0.2982456088066101,AVLDAFAVLAALLRPLLAALFPDLDDEELAELLRRLWALLTPEQRLPFVLLALALAL,RPMNAFMVWARIHRPALAKANPAANNAEISVQLGLEWNKLSEEQKKPYYDEAQKIKE,7JJK.pdb,7JJK.pdb,10,-127.11800384521484,0.7778547,0.13202131,1.4494949579238892
0.2982456088066101,AVLDAFDVLAALLRPLLAALFPDLDEEELERLLRELWALLTPEQRLPFVLLALLLAL,RPMNAFMVWARIHRPALAKANPAANNAEISVQLGLEWNKLSEEQKKPYYDEAQKIKE,7JJK.pdb,7JJK.pdb,11,-130.56280517578125,0.8059629,-0.062055156,1.1838916540145874
0.2982456088066101,AVLDAFAVLAALLRPLLAALLPDADDATLAELLRRLWALLTPAQRLPFVLLALLLAL,RPMNAFMVWARIHRPALAKANPAANNAEISVQLGLEWNKLSEEQKKPYYDEAQKIKE,7JJK.pdb,7JJK.pdb,12,-123.5443344116211,0.73538023,0.06193982,1.3972587585449219
0.2982456088066101,AVPDAFAVLAAELRPLLAALFPDLDDEQLAELLRRLWAKLTPEERRPYEERAAALAA,RPMNAFMVWARIHRPALAKANPAANNAEISVQLGLEWNKLSEEQKKPYYDEAQKIKE,7JJK.pdb,7JJK.pdb,13,-125.46174621582033,0.66643965,-1.5073651,0.8593905568122864
0.2807017564773559,AVLDAFAVLAALLRPLLAALFPDLDAEQLAELLRRLWALLTPEQRLPFVLLALALAL,RPMNAFMVWARIHRPALAKANPAANNAEISVQLGLEWNKLSEEQKKPYYDEAQKIKE,7JJK.pdb,7JJK.pdb,14,-125.98262786865234,0.7495667,0.22185017,1.1718629598617554
0.2982456088066101,AVLDAFDVLAALLRPLLAALFPDLDEEELAELLRRLWALLTPEQRLPFVLLAAALAA,RPMNAFMVWARIHRPALAKANPAANNAEISVQLGLEWNKLSEEQKKPYYDEAQKIKE,7JJK.pdb,7JJK.pdb,15,-129.51084899902344,0.78518647,-0.13884792,1.0368292331695557
0.3157894611358642,AVLDAFAVLAALLRPLLAALFPDLDEAELAELLRRLWALLTPEQRLPFVLLALLLAL,RPMNAFMVWARIHRPALAKANPAANNAEISVQLGLEWNKLSEEQKKPYYDEAQKIKE,7JJK.pdb,7JJK.pdb,16,-125.52987670898438,0.7858587,0.15055756,1.0567972660064697
0.2982456088066101,RVLDAFDVLAALLRPLLAALFPDLDEEELEELLRVLWALLTEAERLPFVLLALLLAL,RPMNAFMVWARIHRPALAKANPAANNAEISVQLGLEWNKLSEEQKKPYYDEAQKIKE,7JJK.pdb,7JJK.pdb,17,-130.4973602294922,0.82520133,0.09410983,1.0958240032196045
0.3157894611358642,AVLDAFAVLAALLRPLLAALLPDADDATLAELLRRLWALLTPEQRLPFVLLALLLAL,RPMNAFMVWARIHRPALAKANPAANNAEISVQLGLEWNKLSEEQKKPYYDEAQKIKE,7JJK.pdb,7JJK.pdb,18,-123.60798645019533,0.7306647,0.08557607,1.3715413808822632
0.3157894611358642,KVLDAFAVLAALLRPLLAALFPDLDDAQLEELLRRLWALLTEEQRLPFILLALLLAL,RPMNAFMVWARIHRPALAKANPAANNAEISVQLGLEWNKLSEEQKKPYYDEAQKIKE,7JJK.pdb,7JJK.pdb,19,-134.78253173828125,0.8074196,0.102331325,1.0102993249893188
0.3333333432674408,AVLDAFAVLAALLRPLLAALLPDADEAELAELLRRLWAALTPEQREPFRLLAAALAA,RPMNAFMVWARIHRPALAKANPAANNAEISVQLGLEWNKLSEEQKKPYYDEAQKIKE,7JJK.pdb,7JJK.pdb,20,-122.7406768798828,0.6773746,-0.74518377,1.2845479249954224
0.2982456088066101,AVLDAFAVLAALLRPLLAALFPDLDEAELAELLRKLWALLTEAERLPFVLLALLLAL,RPMNAFMVWARIHRPALAKANPAANNAEISVQLGLEWNKLSEEQKKPYYDEAQKIKE,7JJK.pdb,7JJK.pdb,21,-130.20468139648438,0.8186591,0.13584574,1.1544548273086548
0.2631579041481018,AVLDAFDVLAALLYPLLAALFPDLDEEQLRRLLRELWALLTPEQRLPFVLLALLLAL,RPMNAFMVWARIHRPALAKANPAANNAEISVQLGLEWNKLSEEQKKPYYDEAQKIKE,7JJK.pdb,7JJK.pdb,22,-134.68328857421875,0.787746,0.14794703,1.2065318822860718
0.3333333432674408,KVLDAFDVLKKLLYPLLKKLFPDLNEEELEELLKEIWSKLTEEEKLPFILLAKLLKK,RPMNAFMVWARIHRPALAKANPAANNAEISVQLGLEWNKLSEEQKKPYYDEAQKIKE,7JJK.pdb,7JJK.pdb,23,-137.6712188720703,0.68660855,-0.052712224,0.9218795895576477
0.2982456088066101,AVLDAFDVLAALLRPLLAALFPDLNEEELEELLRELWALLTEAEREPFRRLAELLAR,RPMNAFMVWARIHRPALAKANPAANNAEISVQLGLEWNKLSEEQKKPYYDEAQKIKE,7JJK.pdb,7JJK.pdb,24,-134.6082305908203,0.77202046,-0.77704245,1.2635889053344727
0.3157894611358642,KVRDAFDVLAALLRPLLAALFPDLNEEELERLLRELWALLTPEQRLPFVLLALLLAL,RPMNAFMVWARIHRPALAKANPAANNAEISVQLGLEWNKLSEEQKKPYYDEAQKIKE,7JJK.pdb,7JJK.pdb,25,-135.23504638671875,0.78738105,-0.015880033,1.539612889289856
0.3157894611358642,AVLDAFDVLAALLRPLLAALFPDLDDAELEELLRRLWALLTPEQRLPFVLLALALAL,RPMNAFMVWARIHRPALAKANPAANNAEISVQLGLEWNKLSEEQKKPYYDEAQKIKE,7JJK.pdb,7JJK.pdb,26,-129.7928009033203,0.8120208,0.14282309,1.1443949937820435
0.2982456088066101,AVLDAFDVLAALLRPLLAALFPDLDEEELERLLRELWALLTPEQRLPFVLLALLLAL,RPMNAFMVWARIHRPALAKANPAANNAEISVQLGLEWNKLSEEQKKPYYDEAQKIKE,7JJK.pdb,7JJK.pdb,27,-130.56280517578125,0.8059629,-0.062055156,1.1838916540145874
0.3333333432674408,AVLDAFAVLAALLRPLLAALLPDADEAELAELLRRLWALLTPEQREPFRLLAAALAA,RPMNAFMVWARIHRPALAKANPAANNAEISVQLGLEWNKLSEEQKKPYYDEAQKIKE,7JJK.pdb,7JJK.pdb,28,-122.32547760009766,0.6913878,-0.53996205,1.3357610702514648
0.3157894611358642,AVLDAFDVLAALLRPLLAALLPDADEEELEELLRELWALLTPEQRAPFVALAAALAA,RPMNAFMVWARIHRPALAKANPAANNAEISVQLGLEWNKLSEEQKKPYYDEAQKIKE,7JJK.pdb,7JJK.pdb,29,-125.69815063476562,0.733536,-0.95077294,1.119267463684082
0.3157894611358642,AVLDAFDVLAALLRPLLAALLPDADEEELEALLRRLWALLTPEQRLPFVLLALALAL,RPMNAFMVWARIHRPALAKANPAANNAEISVQLGLEWNKLSEEQKKPYYDEAQKIKE,7JJK.pdb,7JJK.pdb,30,-127.64542388916016,0.79674387,0.11015703,1.2764407396316528
0.2982456088066101,AVLDAFAVLAALLRPLLAALFPDLDDAELAELLRRLWALLTEAERLPFVLLALLLAL,RPMNAFMVWARIHRPALAKANPAANNAEISVQLGLEWNKLSEEQKKPYYDEAQKIKE,7JJK.pdb,7JJK.pdb,31,-126.9513702392578,0.8161837,0.14472173,1.214687705039978
0.2982456088066101,KVLDAFDVLAALLRPLLAALFPDLDEEELARLLRELWALLTPEQRLPFVLLALLLAL,RPMNAFMVWARIHRPALAKANPAANNAEISVQLGLEWNKLSEEQKKPYYDEAQKIKE,7JJK.pdb,7JJK.pdb,32,-132.80088806152344,0.78996164,0.013759047,1.0039399862289429
0.3157894611358642,AVLDAFAVLAALLRPLLAALFPDLDEAELAELLRRLWALLTPEQRLPFVLLALLLAL,RPMNAFMVWARIHRPALAKANPAANNAEISVQLGLEWNKLSEEQKKPYYDEAQKIKE,7JJK.pdb,7JJK.pdb,33,-125.52987670898438,0.7858587,0.15055756,1.0567972660064697
0.2982456088066101,AVLDAFDVLAALLRPLLAALFPDLDEEELEELLRRLWALLTEEERLPFRLLALALAL,RPMNAFMVWARIHRPALAKANPAANNAEISVQLGLEWNKLSEEQKKPYYDEAQKIKE,7JJK.pdb,7JJK.pdb,34,-132.921630859375,0.81412864,0.055352107,1.1481236219406128
0.3157894611358642,AVLDAFDVLAALLRPLLAALFPDLDDAELEELLRRLWALLTEEERLPFRLLALALAL,RPMNAFMVWARIHRPALAKANPAANNAEISVQLGLEWNKLSEEQKKPYYDEAQKIKE,7JJK.pdb,7JJK.pdb,35,-132.3811798095703,0.8147356,0.06859888,1.444678544998169
0.2807017564773559,KVLDAFDVLAALLRPLLAALFPDLDEEQLEELLRRLWALLTPEQRLPFVLLALLLAL,RPMNAFMVWARIHRPALAKANPAANNAEISVQLGLEWNKLSEEQKKPYYDEAQKIKE,7JJK.pdb,7JJK.pdb,36,-134.92880249023438,0.8042524,0.12971388,1.07904851436615
0.2807017564773559,AVLDAFAVLAALLRPLLAALFPDLDEEELAELLRRLWALLTEAEREPFRLLAELLAL,RPMNAFMVWARIHRPALAKANPAANNAEISVQLGLEWNKLSEEQKKPYYDEAQKIKE,7JJK.pdb,7JJK.pdb,37,-126.5621337890625,0.767964,-0.29615012,1.2082566022872925
0.2807017564773559,AVLDAFAVLAALLRPLLAALLPDADEEELARLLRELWARLTPAERLPFVLLALALAL,RPMNAFMVWARIHRPALAKANPAANNAEISVQLGLEWNKLSEEQKKPYYDEAQKIKE,7JJK.pdb,7JJK.pdb,38,-125.68295288085938,0.7659018,-0.08534858,1.353861927986145
0.2982456088066101,KVLDAFAVLAALLRPLLAALFPDLDEAELEELLRVLWALLTEAERLPFVLLALLLAL,RPMNAFMVWARIHRPALAKANPAANNAEISVQLGLEWNKLSEEQKKPYYDEAQKIKE,7JJK.pdb,7JJK.pdb,39,-130.88522338867188,0.82340777,0.15468602,0.9475588798522949
0.3157894611358642,AVLDAFAVLAALLRPLLAALFPDLDEAELAELLRRLWALLTPEQRLPFVLLAAALAA,RPMNAFMVWARIHRPALAKANPAANNAEISVQLGLEWNKLSEEQKKPYYDEAQKIKE,7JJK.pdb,7JJK.pdb,40,-125.85853576660156,0.7723707,-0.06662822,1.0895708799362183
0.3157894611358642,KVLDAFDVLAALLRPLLAALLPDADEEELEELLRELWALLTPEQRLPFVLLALALAL,RPMNAFMVWARIHRPALAKANPAANNAEISVQLGLEWNKLSEEQKKPYYDEAQKIKE,7JJK.pdb,7JJK.pdb,41,-131.27647399902344,0.78031665,-0.16750462,1.3761948347091675
0.3157894611358642,AVRDAFDVLAALLRPLLAALFPDLNEEELERLLRELWAALTEEERAPFRALAAALAA,RPMNAFMVWARIHRPALAKANPAANNAEISVQLGLEWNKLSEEQKKPYYDEAQKIKE,7JJK.pdb,7JJK.pdb,42,-132.12586975097656,0.7285101,-1.1912674,1.652363657951355
0.3684210479259491,KVLDAFEVLKKELYPLLKKLFPDLNEEELEKLLKIIWSLLTEEEKLPYILLAKKLKE,RPMNAFMVWARIHRPALAKANPAANNAEISVQLGLEWNKLSEEQKKPYYDEAQKIKE,7JJK.pdb,7JJK.pdb,43,-137.4765167236328,0.6619964,-0.37276107,2.604390859603882
0.3157894611358642,AVLDAFDVLAALLRPLLAALFPDLDEAELAELLRRLWALLTPEQRAPFEALAAALAA,RPMNAFMVWARIHRPALAKANPAANNAEISVQLGLEWNKLSEEQKKPYYDEAQKIKE,7JJK.pdb,7JJK.pdb,44,-125.998291015625,0.7169744,-0.7521835,0.9776241183280945
0.2807017564773559,AVLDAFAVLAALLRPLLAALFPDLDEEELEALLRRLWAALTEAERLPFVLLALLLAL,RPMNAFMVWARIHRPALAKANPAANNAEISVQLGLEWNKLSEEQKKPYYDEAQKIKE,7JJK.pdb,7JJK.pdb,45,-128.3080596923828,0.8244661,0.09909426,1.1130672693252563
0.3157894611358642,AVLDAFDVLAALLRPLLAALFPDLDEAELAELLRRLWALLTPEQRLPFVLLALALAL,RPMNAFMVWARIHRPALAKANPAANNAEISVQLGLEWNKLSEEQKKPYYDEAQKIKE,7JJK.pdb,7JJK.pdb,46,-128.91534423828125,0.80457735,0.17712842,1.1890109777450562
0.2982456088066101,AVLDAFDVLAALLRPLLAALFPDLDDAQLAELLRRLWALLTPEQRLPFVLLALLLAL,RPMNAFMVWARIHRPALAKANPAANNAEISVQLGLEWNKLSEEQKKPYYDEAQKIKE,7JJK.pdb,7JJK.pdb,47,-130.0701141357422,0.7998897,0.14194578,1.170700192451477
0.3333333432674408,AVPDAFAVLAALLRPLLAALLPDADDAELAELLRRLWAALTPEQRAPFEALAAALAA,RPMNAFMVWARIHRPALAKANPAANNAEISVQLGLEWNKLSEEQKKPYYDEAQKIKE,7JJK.pdb,7JJK.pdb,48,-121.1275863647461,0.60551035,-1.0166624,0.9868555068969727
0.3508771955966949,KVLDAFEVFAKLLYPLLKKLFPDLNEEELLELLKKIWSLLTEEEKLPFIELAKKLKL,RPMNAFMVWARIHRPALAKANPAANNAEISVQLGLEWNKLSEEQKKPYYDEAQKIKE,7JJK.pdb,7JJK.pdb,49,-136.37255859375,0.71141195,0.68787193,0.8124005794525146
0.3157894611358642,AVPDAFAVLAALLRPLLAALFPDANDEELAALLRRLWALLTEAEREPFRLLAAALAA,RPMNAFMVWARIHRPALAKANPAANNAEISVQLGLEWNKLSEEQKKPYYDEAQKIKE,7JJK.pdb,7JJK.pdb,50,-128.3292694091797,0.7370128,-0.46892613,1.1627720594406128
0.2982456088066101,AVPDAFAVLAALLRPLLAALFPDLDEAELAELLRRLWAALTEAEREPFRLLAAALAA,RPMNAFMVWARIHRPALAKANPAANNAEISVQLGLEWNKLSEEQKKPYYDEAQKIKE,7JJK.pdb,7JJK.pdb,51,-125.12712097167967,0.7529907,-0.8101186,1.4309111833572388
0.4210526347160339,KVLDAFEVFAKELYPLLAKKFPNMNKEELEKLLKEIWSKLTEEEKLPYILLAKKLKE,RPMNAFMVWARIHRPALAKANPAANNAEISVQLGLEWNKLSEEQKKPYYDEAQKIKE,7JJK.pdb,7JJK.pdb,52,-137.48745727539062,0.6232644,1.0026954,1.1337543725967407
0.3157894611358642,AVPDAFAVLAALLRPLLAALFPDLDEAELEELLRRLWALLTPEQRAPFEALAAALAA,RPMNAFMVWARIHRPALAKANPAANNAEISVQLGLEWNKLSEEQKKPYYDEAQKIKE,7JJK.pdb,7JJK.pdb,53,-124.92325592041016,0.6990378,-0.87489915,0.847658634185791
0.2982456088066101,KVLDAFDVLAALLRPLLAALFPDLDEEELEELLRRLWALLTEEEREPFRRLAELLRL,RPMNAFMVWARIHRPALAKANPAANNAEISVQLGLEWNKLSEEQKKPYYDEAQKIKE,7JJK.pdb,7JJK.pdb,54,-134.24737548828125,0.78223395,-0.41517514,1.1939218044281006
0.2807017564773559,KVLDAFDVLAALLRPLLAALFPDLDEEELAELLRRLWALLTEAERLPFVLLALLLAL,RPMNAFMVWARIHRPALAKANPAANNAEISVQLGLEWNKLSEEQKKPYYDEAQKIKE,7JJK.pdb,7JJK.pdb,55,-133.2645721435547,0.8174063,0.11689159,1.1015846729278564
0.2982456088066101,AVLDAFAVLAALLRPLLAALFPDLDEAQLAELLRRLWALLTPEQRLPFVLLAAALAA,RPMNAFMVWARIHRPALAKANPAANNAEISVQLGLEWNKLSEEQKKPYYDEAQKIKE,7JJK.pdb,7JJK.pdb,56,-128.1435546875,0.7655196,-0.061228096,1.0698997974395752
0.2807017564773559,KVLDAFAVLAALLRPLLAALFPDLDEEELEELLRVLWALLTEAERLPFVLLALLLAL,RPMNAFMVWARIHRPALAKANPAANNAEISVQLGLEWNKLSEEQKKPYYDEAQKIKE,7JJK.pdb,7JJK.pdb,57,-131.1974639892578,0.81426466,0.08833711,0.9319120049476624
0.2982456088066101,KVLDAFDVLAALLRPLLAALFPDLDEAQLAELLRRLWALLTPEQRLPFVLLALLLAL,RPMNAFMVWARIHRPALAKANPAANNAEISVQLGLEWNKLSEEQKKPYYDEAQKIKE,7JJK.pdb,7JJK.pdb,58,-133.27639770507812,0.7970247,0.17068489,1.4581609964370728
0.2982456088066101,AVLDAFDVLAALLRPLLAALFPDLDEEELAELLRELWALLTEEERLPFRLLAELLAL,RPMNAFMVWARIHRPALAKANPAANNAEISVQLGLEWNKLSEEQKKPYYDEAQKIKE,7JJK.pdb,7JJK.pdb,59,-129.75018310546875,0.7736514,-0.2522202,1.1611872911453247
0.2982456088066101,AVLDAFDVLAALLRPLLAALFPDLDEEELERLLRELWALLTPEQRLPFVLLALLLAL,RPMNAFMVWARIHRPALAKANPAANNAEISVQLGLEWNKLSEEQKKPYYDEAQKIKE,7JJK.pdb,7JJK.pdb,60,-130.56280517578125,0.8059629,-0.062055156,1.1838916540145874
0.3157894611358642,AVLDAFDVLAALLRPLLAALFPDLDDAELAELLRRLWALLTEEERAPFRALAAALAA,RPMNAFMVWARIHRPALAKANPAANNAEISVQLGLEWNKLSEEQKKPYYDEAQKIKE,7JJK.pdb,7JJK.pdb,61,-126.99549102783205,0.7532838,-0.75220865,1.4955428838729858
0.2807017564773559,AVPDAFAVLAALLRPLLAALFPDLDAEELEALLRRLWAALTEAERLPFVLLALLLAL,RPMNAFMVWARIHRPALAKANPAANNAEISVQLGLEWNKLSEEQKKPYYDEAQKIKE,7JJK.pdb,7JJK.pdb,62,-127.69791412353516,0.8109539,-0.027238116,1.6025454998016357
0.3684210479259491,KVLDAFEVLAKLLYPLLAKLFPDLNEEELLELLKKIWEKLTEEEKLPFILLAKLLKK,RPMNAFMVWARIHRPALAKANPAANNAEISVQLGLEWNKLSEEQKKPYYDEAQKIKE,7JJK.pdb,7JJK.pdb,63,-137.92921447753906,0.74512327,0.29564655,2.5680994987487793
0.3333333432674408,KVLDAFAVLAALLRPLLAALFPDLNEAELEELLRRLWALLTPEQRLPFVLLALLLAL,RPMNAFMVWARIHRPALAKANPAANNAEISVQLGLEWNKLSEEQKKPYYDEAQKIKE,7JJK.pdb,7JJK.pdb,64,-133.04559326171875,0.7938961,0.17273267,1.1968847513198853
0.3157894611358642,AVLDAFDVLAALLRPLLAALFPDLDEAELEELLRRLWALLTPEQRLPFVLLALLLAL,RPMNAFMVWARIHRPALAKANPAANNAEISVQLGLEWNKLSEEQKKPYYDEAQKIKE,7JJK.pdb,7JJK.pdb,65,-130.08053588867188,0.81787294,0.1339366,1.2086682319641113
0.2982456088066101,AVLDAFAVLAALLRPLLAALFPDLDEEELERLLRELWALLTEAERLPYVLLALLLAL,RPMNAFMVWARIHRPALAKANPAANNAEISVQLGLEWNKLSEEQKKPYYDEAQKIKE,7JJK.pdb,7JJK.pdb,66,-131.32754516601562,0.81447446,-0.093805924,1.0426257848739624
0.2982456088066101,AVLDAFDVLAALLRPLLAALFPDLDEEELERLLRELWAALTEEERAPFRALAAALAA,RPMNAFMVWARIHRPALAKANPAANNAEISVQLGLEWNKLSEEQKKPYYDEAQKIKE,7JJK.pdb,7JJK.pdb,67,-127.73277282714844,0.759392,-1.0927349,1.116525411605835
0.2982456088066101,AVLDAFDVLAALLRPLLAALFPDLDEEELERLLRELWALLTPEQRLPFVLLALALAL,RPMNAFMVWARIHRPALAKANPAANNAEISVQLGLEWNKLSEEQKKPYYDEAQKIKE,7JJK.pdb,7JJK.pdb,68,-130.5907745361328,0.8040288,-0.047758296,1.0813714265823364
0.2982456088066101,AVLDAFDVLAALLRPLLAALFPDLDDEELEELLRRLWALLTPEQRLPFVLLALLLAL,RPMNAFMVWARIHRPALAKANPAANNAEISVQLGLEWNKLSEEQKKPYYDEAQKIKE,7JJK.pdb,7JJK.pdb,69,-130.8111572265625,0.8073915,0.04705128,1.1833322048187256
0.2982456088066101,AVLDAFDVLAALLRPLLAALFPDLDEEELERLLRELWALLTPEQRAPFVALAAALAA,RPMNAFMVWARIHRPALAKANPAANNAEISVQLGLEWNKLSEEQKKPYYDEAQKIKE,7JJK.pdb,7JJK.pdb,70,-128.06765747070312,0.7568104,-0.9008407,1.1319200992584229
0.3157894611358642,AVLDAFAVLAALLRPLLAALFPDLDDAELAELLRRLWALLTPEQRLPFVLLALALAL,RPMNAFMVWARIHRPALAKANPAANNAEISVQLGLEWNKLSEEQKKPYYDEAQKIKE,7JJK.pdb,7JJK.pdb,71,-125.68580627441406,0.7872912,0.15788509,1.5098172426223755
0.2982456088066101,AVLDAFDVLAALLRPLLAALFPDLDEEELARLLRELWALLTPEQRLPFVLLAALLAL,RPMNAFMVWARIHRPALAKANPAANNAEISVQLGLEWNKLSEEQKKPYYDEAQKIKE,7JJK.pdb,7JJK.pdb,72,-130.04153442382812,0.78818244,-0.010461673,1.0974416732788086
0.2807017564773559,AVPDAFAVLAALLRPLLAALLPDADDATLAELLRRLWAALTPAERAPFEALAAALAA,RPMNAFMVWARIHRPALAKANPAANNAEISVQLGLEWNKLSEEQKKPYYDEAQKIKE,7JJK.pdb,7JJK.pdb,73,-120.8837890625,0.6225929,-0.99310774,0.9867773652076721
0.3157894611358642,KVLDAFAVLAALLRPLLAALLPDANEEELERLLRELWALLTEAERLPFVLLALALAL,RPMNAFMVWARIHRPALAKANPAANNAEISVQLGLEWNKLSEEQKKPYYDEAQKIKE,7JJK.pdb,7JJK.pdb,74,-136.60113525390625,0.7897253,0.017767727,1.3889670372009277
0.2982456088066101,AVLDAFAVLAALLRPLLAALFPDLDDAQLAELLRRLWALLTPEQRLPFVLLALALAL,RPMNAFMVWARIHRPALAKANPAANNAEISVQLGLEWNKLSEEQKKPYYDEAQKIKE,7JJK.pdb,7JJK.pdb,75,-127.67220306396484,0.7803384,0.16580619,1.2323426008224487
0.3157894611358642,AVLDAFAVLAALLRPLLAALFPDLDEAELAELLRRLWALLTPEQRLPFVLLAAALAA,RPMNAFMVWARIHRPALAKANPAANNAEISVQLGLEWNKLSEEQKKPYYDEAQKIKE,7JJK.pdb,7JJK.pdb,76,-125.85853576660156,0.7723707,-0.06662822,1.0895708799362183
0.2631579041481018,AVLDAFDVLAALLRPLLAALFPDLDDEQLAELLRRLWALLTEAERLPFVLLALALAL,RPMNAFMVWARIHRPALAKANPAANNAEISVQLGLEWNKLSEEQKKPYYDEAQKIKE,7JJK.pdb,7JJK.pdb,77,-132.76451110839844,0.81513095,0.20266975,1.2007689476013184
0.2982456088066101,AVLDAFAVLAALLRPLLAALFPDLDEEELARLLRELWALLTPEQRLPFVLLALALAL,RPMNAFMVWARIHRPALAKANPAANNAEISVQLGLEWNKLSEEQKKPYYDEAQKIKE,7JJK.pdb,7JJK.pdb,78,-127.22076416015624,0.7743785,0.032291397,1.3098676204681396
0.2807017564773559,AVLDAFDVLAALLRPLLAALFPDLDEEELERLLRELWALLTEAERLPFRLLAELLAL,RPMNAFMVWARIHRPALAKANPAANNAEISVQLGLEWNKLSEEQKKPYYDEAQKIKE,7JJK.pdb,7JJK.pdb,79,-130.68174743652344,0.8050909,-0.20211281,1.1556775569915771
0.3157894611358642,AVPDAFAVLAALLRPLLAALLPDADDATLAELLRRLWAALTPEQRAPFVALAAALAA,RPMNAFMVWARIHRPALAKANPAANNAEISVQLGLEWNKLSEEQKKPYYDEAQKIKE,7JJK.pdb,7JJK.pdb,80,-121.65652465820312,0.60988045,-0.88857657,1.4777371883392334
0.2982456088066101,AVLDAFDVLAALLRPLLAALFPDLDDEELEELLRRLWALLTPEQRLPFVLLALLLAL,RPMNAFMVWARIHRPALAKANPAANNAEISVQLGLEWNKLSEEQKKPYYDEAQKIKE,7JJK.pdb,7JJK.pdb,81,-130.8111572265625,0.8073915,0.04705128,1.1833322048187256
0.3157894611358642,AVLDAFDVLAALLRPLLAALLPDADDATLAELLRRLWALLTPEQRAPFVALAAALAA,RPMNAFMVWARIHRPALAKANPAANNAEISVQLGLEWNKLSEEQKKPYYDEAQKIKE,7JJK.pdb,7JJK.pdb,82,-123.67981719970705,0.6949636,-0.6163562,1.1040762662887573
0.3333333432674408,AVLDAFDVLAALLRPLLAALFPDLNEEELAALLRELWAKLTPEQRLPFILLALLLAL,RPMNAFMVWARIHRPALAKANPAANNAEISVQLGLEWNKLSEEQKKPYYDEAQKIKE,7JJK.pdb,7JJK.pdb,83,-136.38125610351562,0.7980697,-0.035084084,1.0577679872512817
0.3157894611358642,AVLDAFAVLAALLRPLLAALFPDLDDAELAELLRRLWALLTPEQRAPFVALAAALAA,RPMNAFMVWARIHRPALAKANPAANNAEISVQLGLEWNKLSEEQKKPYYDEAQKIKE,7JJK.pdb,7JJK.pdb,84,-123.37669372558594,0.7098244,-0.53693414,1.826006293296814
0.2982456088066101,AVLDAFAVLAALLRPLLAALFPDLDEEELERLLRELWALLTPEQRLPFVLLALLLAL,RPMNAFMVWARIHRPALAKANPAANNAEISVQLGLEWNKLSEEQKKPYYDEAQKIKE,7JJK.pdb,7JJK.pdb,85,-128.2030029296875,0.78985333,-0.020572588,1.0292725563049316
0.3333333432674408,AVPDAFAVLAALLRPLLAALFPDANEEELAALLRRLWALLTPEQRAPFEALAAALAA,RPMNAFMVWARIHRPALAKANPAANNAEISVQLGLEWNKLSEEQKKPYYDEAQKIKE,7JJK.pdb,7JJK.pdb,86,-125.69641876220705,0.61266375,-0.66850156,0.7322229146957397
0.2982456088066101,KVLDAFAVLAALLRPLLAALFPDLDEEELAELLRRLWALLTPEQRLPFVLLALLLAL,RPMNAFMVWARIHRPALAKANPAANNAEISVQLGLEWNKLSEEQKKPYYDEAQKIKE,7JJK.pdb,7JJK.pdb,87,-129.4767303466797,0.7703682,0.09162666,0.9550603628158569
0.3157894611358642,KVLDAFAVLAALLRPLLAALFPDLDEAELAELLRRLWALLTPEQRLPFVLLALLLAL,RPMNAFMVWARIHRPALAKANPAANNAEISVQLGLEWNKLSEEQKKPYYDEAQKIKE,7JJK.pdb,7JJK.pdb,88,-129.1668243408203,0.77950096,0.12974991,0.8098649382591248
0.2982456088066101,AVLDAFAVLAALLRPLLAALFPDLDEEELEELLRRLWALLTPEQRLPFVLLALLLAL,RPMNAFMVWARIHRPALAKANPAANNAEISVQLGLEWNKLSEEQKKPYYDEAQKIKE,7JJK.pdb,7JJK.pdb,89,-128.2374267578125,0.79501116,0.08679874,1.1270121335983276
0.3157894611358642,KVLDAFAVLAALLRPLLAALFPDLDEAELEELLRRLWAALTPEQRAPFEALAAALAA,RPMNAFMVWARIHRPALAKANPAANNAEISVQLGLEWNKLSEEQKKPYYDEAQKIKE,7JJK.pdb,7JJK.pdb,90,-128.16619873046875,0.6960581,-0.9196088,1.1221644878387451
0.2982456088066101,AVLDAFDVLAALLRPLLAALFPDLDEEELAELLRRLWALLTPEQRAPFVALAAALAA,RPMNAFMVWARIHRPALAKANPAANNAEISVQLGLEWNKLSEEQKKPYYDEAQKIKE,7JJK.pdb,7JJK.pdb,91,-126.4969253540039,0.7419764,-0.69911397,1.0219991207122803
0.2982456088066101,AVLDAFDVLAALLRPLLAALFPDLDEEELAELLRRLWALLTPEQRLPFVLLALALAL,RPMNAFMVWARIHRPALAKANPAANNAEISVQLGLEWNKLSEEQKKPYYDEAQKIKE,7JJK.pdb,7JJK.pdb,92,-129.26077270507812,0.7971331,0.1288098,1.1686338186264038
0.2982456088066101,AVLDAFDVLAALLRPLLAALFPDLDEEELERLLRELWALLTPEQRLPFVLLALLLAL,RPMNAFMVWARIHRPALAKANPAANNAEISVQLGLEWNKLSEEQKKPYYDEAQKIKE,7JJK.pdb,7JJK.pdb,93,-130.56280517578125,0.8059629,-0.062055156,1.1838916540145874
0.3157894611358642,AVLDAFDVLAALLRPLLAALFPDLDEAELEELLRRLWALLTEEERLPFRLLARLLAL,RPMNAFMVWARIHRPALAKANPAANNAEISVQLGLEWNKLSEEQKKPYYDEAQKIKE,7JJK.pdb,7JJK.pdb,94,-130.9967498779297,0.81295097,0.064575866,1.2698734998703003
0.3157894611358642,AVPDAFAVLAALLRPLLAAAFPDLDDAQLAELLRRLWAALTPEQRAPFEALAAALAA,RPMNAFMVWARIHRPALAKANPAANNAEISVQLGLEWNKLSEEQKKPYYDEAQKIKE,7JJK.pdb,7JJK.pdb,95,-123.4272232055664,0.60332125,-1.0815431,0.7666425108909607
0.3157894611358642,AVLDAFAVLAALLRPLLAALFPDLNEEELAELLRRLWALLTPEQRLPFVLLALLLAL,RPMNAFMVWARIHRPALAKANPAANNAEISVQLGLEWNKLSEEQKKPYYDEAQKIKE,7JJK.pdb,7JJK.pdb,96,-131.58087158203125,0.7741337,0.17247333,1.260216474533081
0.3157894611358642,AVPDAFAVLAALLRPLLAALFPDLDDAELAELLRRLWALLTPEQRAPFEALAAALAA,RPMNAFMVWARIHRPALAKANPAANNAEISVQLGLEWNKLSEEQKKPYYDEAQKIKE,7JJK.pdb,7JJK.pdb,97,-123.3345718383789,0.6477816,-0.8388564,0.9070711731910706
0.2807017564773559,AVLDAFAVLAALLRPLLAALLPDADDATLAELLRRLWALLTPAERLPFVLLALALAL,RPMNAFMVWARIHRPALAKANPAANNAEISVQLGLEWNKLSEEQKKPYYDEAQKIKE,7JJK.pdb,7JJK.pdb,98,-123.6811294555664,0.76189697,0.15368709,1.260590672492981
0.2982456088066101,AVLDAFDVLAALLRPLLAALFPDLDDAQLAELLRRLWALLTPEQRLPFVLLALLLAL,RPMNAFMVWARIHRPALAKANPAANNAEISVQLGLEWNKLSEEQKKPYYDEAQKIKE,7JJK.pdb,7JJK.pdb,99,-130.0701141357422,0.7998897,0.14194578,1.170700192451477
0.2982456088066101,KVRDAFDVLAALLRPLLAALFPDLNEEQLEELLRRLWALLTPEQRLPFVLLALLLAL,RPMNAFMVWARIHRPALAKANPAANNAEISVQLGLEWNKLSEEQKKPYYDEAQKIKE,7JJK.pdb,7JJK.pdb,100,-135.0487060546875,0.78951883,0.15894796,1.513117790222168
0.3157894611358642,AVPDAFAVLAAELRPLLAALFPDLDDAQLAELLRRLWAALTEEERRPYVERALALAA,RPMNAFMVWARIHRPALAKANPAANNAEISVQLGLEWNKLSEEQKKPYYDEAQKIKE,7JJK.pdb,7JJK.pdb,101,-125.59706115722656,0.72569734,-1.3852805,1.3370486497879028
0.3157894611358642,AVLDAFAVLAAELRPLLAALFPDLDEEELEALLRRLWAALTEEERAPYRERAAALAA,RPMNAFMVWARIHRPALAKANPAANNAEISVQLGLEWNKLSEEQKKPYYDEAQKIKE,7JJK.pdb,7JJK.pdb,102,-122.90367889404295,0.7176028,-1.385805,1.6263313293457031
0.3157894611358642,AVLDAFAVLAALLRPLLAALFPDLDEAELAELLRRLWALLTPEQRLPFVLLAAALAL,RPMNAFMVWARIHRPALAKANPAANNAEISVQLGLEWNKLSEEQKKPYYDEAQKIKE,7JJK.pdb,7JJK.pdb,103,-125.7618408203125,0.77685106,0.07358459,1.33328115940094
0.2807017564773559,AVLDAFAVLAALLRPLLAALFPDLDDEQLAELLRRLWALLTPEQRLPFVLLALLLAL,RPMNAFMVWARIHRPALAKANPAANNAEISVQLGLEWNKLSEEQKKPYYDEAQKIKE,7JJK.pdb,7JJK.pdb,104,-128.7169647216797,0.77211654,0.15390463,1.351765513420105
0.2631579041481018,KVLDAFDVLAALLRPLLAALFPDLDEEQLEELLRRLWALLTEAEREPFRLLARLLAL,RPMNAFMVWARIHRPALAKANPAANNAEISVQLGLEWNKLSEEQKKPYYDEAQKIKE,7JJK.pdb,7JJK.pdb,105,-135.05294799804688,0.80104816,-0.14180182,1.2891066074371338
0.2982456088066101,AVLDAFDVLAALLRPLLAALFPDLDEEELEALLRRLWALLTEEEREPFRRLAAALAA,RPMNAFMVWARIHRPALAKANPAANNAEISVQLGLEWNKLSEEQKKPYYDEAQKIKE,7JJK.pdb,7JJK.pdb,106,-127.4388656616211,0.77624726,-0.66163,1.1066235303878784
0.3157894611358642,AVPDAFAVLAAELRPLLAALFPDLDDAQLAELLRRLWALLTPEQRLPYVLRAAALAA,RPMNAFMVWARIHRPALAKANPAANNAEISVQLGLEWNKLSEEQKKPYYDEAQKIKE,7JJK.pdb,7JJK.pdb,107,-129.3748321533203,0.72540843,-1.0628446,1.130812644958496
0.3859649300575256,KVLDAFEVLKKLLYPLLAKLFPDLNKEELEKLLKEIWEKLTEEEKLPFILLAKKLKE,RPMNAFMVWARIHRPALAKANPAANNAEISVQLGLEWNKLSEEQKKPYYDEAQKIKE,7JJK.pdb,7JJK.pdb,108,-136.5703582763672,0.69738936,-0.31592304,1.074560523033142
0.2982456088066101,AVLDAFDVLAALLRPLLAALFPDLDEEELERLLRELWALLTPEQRLPFVLLALLLAL,RPMNAFMVWARIHRPALAKANPAANNAEISVQLGLEWNKLSEEQKKPYYDEAQKIKE,7JJK.pdb,7JJK.pdb,109,-130.56280517578125,0.8059629,-0.062055156,1.1838916540145874
0.2807017564773559,AVLDAFAVLAALLRPLLAALFPDLDEEELAELLRRLWALLTEAEREPFRLLARLLAL,RPMNAFMVWARIHRPALAKANPAANNAEISVQLGLEWNKLSEEQKKPYYDEAQKIKE,7JJK.pdb,7JJK.pdb,110,-124.57574462890624,0.7738609,-0.1433762,1.0544931888580322
0.3157894611358642,AVRDAFDVLAALLRPLLAALFPDLNEEELAELLRRLWALLTPEQRLPFVLLALLLAL,RPMNAFMVWARIHRPALAKANPAANNAEISVQLGLEWNKLSEEQKKPYYDEAQKIKE,7JJK.pdb,7JJK.pdb,111,-133.70571899414062,0.7833432,0.15890767,2.416855573654175
0.3157894611358642,AVLDAFAVLAALLRPLLAALLPDADDATLAELLRRLWALLTPEQRLPFVLLAAALAL,RPMNAFMVWARIHRPALAKANPAANNAEISVQLGLEWNKLSEEQKKPYYDEAQKIKE,7JJK.pdb,7JJK.pdb,112,-123.57713317871094,0.7214545,0.13761285,1.3879899978637695
0.2982456088066101,KVRDAFDVLAALLRPLLAALFPDLDEEELEELLRRLWALLTPEQRLPFVLLALLLAL,RPMNAFMVWARIHRPALAKANPAANNAEISVQLGLEWNKLSEEQKKPYYDEAQKIKE,7JJK.pdb,7JJK.pdb,113,-132.82037353515625,0.7982641,0.055088118,1.814957857131958
0.3333333432674408,AVPDAFAVLAAELRPLLAALFPDLDEAELAELLRRLWALLTEAEKLPYVLRALALAA,RPMNAFMVWARIHRPALAKANPAANNAEISVQLGLEWNKLSEEQKKPYYDEAQKIKE,7JJK.pdb,7JJK.pdb,114,-132.58853149414062,0.77607226,-0.39404398,1.396713376045227
0.3333333432674408,KVLDAFDVLAAELRPLLAALFPDLDDAELAELLRRLWALLTEEERAPYRELAAALAA,RPMNAFMVWARIHRPALAKANPAANNAEISVQLGLEWNKLSEEQKKPYYDEAQKIKE,7JJK.pdb,7JJK.pdb,115,-130.23524475097656,0.69679284,-1.150853,1.2003093957901
0.3333333432674408,AVPDAFAVLAAELRPLLAALFPDLDEAELEELLRRLWALLTEEERRPYVERALALAA,RPMNAFMVWARIHRPALAKANPAANNAEISVQLGLEWNKLSEEQKKPYYDEAQKIKE,7JJK.pdb,7JJK.pdb,116,-126.49327087402344,0.7684941,-1.1347505,1.810900330543518
0.3157894611358642,AVLDAFAVLAALLRPLLAALFPDANEEELAALLRRLWAALTPAQRLPFVLLALLLAL,RPMNAFMVWARIHRPALAKANPAANNAEISVQLGLEWNKLSEEQKKPYYDEAQKIKE,7JJK.pdb,7JJK.pdb,117,-129.5989532470703,0.7638488,0.1598394,1.2567851543426514
0.3157894611358642,AVLDAFAVLAALLRPLLAALFPDLDEAELAELLRRLWALLTPEQRLPFVLLALLLAL,RPMNAFMVWARIHRPALAKANPAANNAEISVQLGLEWNKLSEEQKKPYYDEAQKIKE,7JJK.pdb,7JJK.pdb,118,-125.52987670898438,0.7858587,0.15055756,1.0567972660064697
0.2982456088066101,AVLDAFAVLAAVLRPLLAALFPDLDEAQLAELLRRLWALLTPEQRLPFVLLALLLAL,RPMNAFMVWARIHRPALAKANPAANNAEISVQLGLEWNKLSEEQKKPYYDEAQKIKE,7JJK.pdb,7JJK.pdb,119,-130.00204467773438,0.76063824,0.12715606,1.1004912853240967
0.3157894611358642,AVLDAFAVLAALLRPLLAALFPDLDDAELAELLRRLWALLTPEQRLPFVLLALLLAL,RPMNAFMVWARIHRPALAKANPAANNAEISVQLGLEWNKLSEEQKKPYYDEAQKIKE,7JJK.pdb,7JJK.pdb,120,-125.69743347167967,0.7842692,0.1252676,1.1737377643585205
0.2807017564773559,AVLDAFDVLAALLRPLLAALFPDLDEEQLAELLRVLWALLTPEQRLPFVLLALALAL,RPMNAFMVWARIHRPALAKANPAANNAEISVQLGLEWNKLSEEQKKPYYDEAQKIKE,7JJK.pdb,7JJK.pdb,121,-134.53070068359375,0.79041064,0.19038676,1.2926002740859985
0.3157894611358642,AVLDAFAVLAALLRPLLAALLPDADDATLAELLRRLWALLTPEQRLPFVLLAAALAL,RPMNAFMVWARIHRPALAKANPAANNAEISVQLGLEWNKLSEEQKKPYYDEAQKIKE,7JJK.pdb,7JJK.pdb,122,-123.57713317871094,0.7214545,0.13761285,1.3879899978637695
0.3333333432674408,KVLDAFAVLAAELRPLLAALFPDLDEEELAELLRRLWALLTEEQRLPYVLRALALAL,RPMNAFMVWARIHRPALAKANPAANNAEISVQLGLEWNKLSEEQKKPYYDEAQKIKE,7JJK.pdb,7JJK.pdb,123,-135.5922088623047,0.77669954,-0.36550432,1.4816548824310303
0.2982456088066101,KVLDAFDVLAALLRPLLAALFPDLDDEELERLLRELWALLTPEQRLPFVLLALALAL,RPMNAFMVWARIHRPALAKANPAANNAEISVQLGLEWNKLSEEQKKPYYDEAQKIKE,7JJK.pdb,7JJK.pdb,124,-134.3029327392578,0.79558057,-0.04524368,1.0642461776733398
0.3157894611358642,AVLDAFDVLAALLRPLLAALFPDLDEAELAELLRRLWALLTPEQRLPFVLLALALAL,RPMNAFMVWARIHRPALAKANPAANNAEISVQLGLEWNKLSEEQKKPYYDEAQKIKE,7JJK.pdb,7JJK.pdb,125,-128.91534423828125,0.80457735,0.17712842,1.1890109777450562
0.3157894611358642,AVPDAFAVLAALLRPLLAALLPDADEATLAELLRRLWAALTPEQRAPFEALAAALAA,RPMNAFMVWARIHRPALAKANPAANNAEISVQLGLEWNKLSEEQKKPYYDEAQKIKE,7JJK.pdb,7JJK.pdb,126,-122.2269515991211,0.56038964,-1.0418824,1.0761289596557617
0.2982456088066101,AVLDAFDVLAALLRPLLAALFPDLDDEELAELLRRLWALLTPEQRLPFVLLAAALAA,RPMNAFMVWARIHRPALAKANPAANNAEISVQLGLEWNKLSEEQKKPYYDEAQKIKE,7JJK.pdb,7JJK.pdb,127,-129.692626953125,0.7820467,-0.14515063,1.01312255859375
