seq_recovery,seq,true_seq,protein_name,WT_name,num,loglikelihood,ddg,ddg_eval
0.4035087823867798,AVPDAFDVWAAERRPKLAAAYPDADDEELAALLREEWAKLTPEEKAPYVERAAALAA,RPMNAFMVWARIHRPALAKANPAANNAEISVQLGLEWNKLSEEQKKPYYDEAQKIKE,7JJK.pdb,7JJK.pdb,0,-123.01043701171876,0.65764534,1.6473145
0.3859649300575256,AVPDAFDVWAAERRPELAAAYPDADDAELAELLREEWAALTPEERAPYVERAAALAA,RPMNAFMVWARIHRPALAKANPAANNAEISVQLGLEWNKLSEEQKKPYYDEAQKIKE,7JJK.pdb,7JJK.pdb,1,-121.14317321777344,0.66802084,0.8977094
0.3859649300575256,APPDAFAVWAAERRPELAAAYPDADDAELDALLRELWAKLTPAERAPYVERAAALAA,RPMNAFMVWARIHRPALAKANPAANNAEISVQLGLEWNKLSEEQKKPYYDEAQKIKE,7JJK.pdb,7JJK.pdb,2,-124.20844268798828,0.62421787,0.886633
0.3859649300575256,APKDAFDVWAERMRPLLAAEYPDADDEELAELLRERWAALTPEERAPYVEEAARLAE,RPMNAFMVWARIHRPALAKANPAANNAEISVQLGLEWNKLSEEQKKPYYDEAQKIKE,7JJK.pdb,7JJK.pdb,3,-128.267822265625,0.55798316,0.123099595
0.3684210479259491,AVPDAFAVWAAEMRPKYAAAYPEADEKQLEELLREEWAKLTPEEKQPYVERAAALAA,RPMNAFMVWARIHRPALAKANPAANNAEISVQLGLEWNKLSEEQKKPYYDEAQKIKE,7JJK.pdb,7JJK.pdb,4,-128.6686248779297,0.6541631,2.0302777
0.3508771955966949,AVPDAFEVWAAEERPRLAAAYPDADDEELDALLRERWAALTPAEKAPYVARAAALAA,RPMNAFMVWARIHRPALAKANPAANNAEISVQLGLEWNKLSEEQKKPYYDEAQKIKE,7JJK.pdb,7JJK.pdb,5,-126.73399353027344,0.6342894,1.6680732
0.3859649300575256,APPDAFEVWAAERRPELAAAYPDADDATLAERLREEWAALTPEERAPYVERAAALAA,RPMNAFMVWARIHRPALAKANPAANNAEISVQLGLEWNKLSEEQKKPYYDEAQKIKE,7JJK.pdb,7JJK.pdb,6,-116.06146240234376,0.63486516,0.7127228
0.3859649300575256,APADAFDVWAAERRPELAAAYPDADDEQLAELLREEWAALTPEEKAPYVERAAALAA,RPMNAFMVWARIHRPALAKANPAANNAEISVQLGLEWNKLSEEQKKPYYDEAQKIKE,7JJK.pdb,7JJK.pdb,7,-124.6642608642578,0.650831,1.463629
0.3508771955966949,APPDAFAVWAAEMRPALAAEYPDADDEALAERLRELWAALTPEERQPYVERAAALAA,RPMNAFMVWARIHRPALAKANPAANNAEISVQLGLEWNKLSEEQKKPYYDEAQKIKE,7JJK.pdb,7JJK.pdb,8,-125.9954833984375,0.6118259,0.57031804
0.3508771955966949,AVPDAFDVWAAEERPKLAAAYPDADDATLAALLRERWAALTPEERAPYVERAAALAA,RPMNAFMVWARIHRPALAKANPAANNAEISVQLGLEWNKLSEEQKKPYYDEAQKIKE,7JJK.pdb,7JJK.pdb,9,-116.62509155273438,0.6197456,1.151316
0.3684210479259491,AVPDAFAVWAAERRPLLAAAYPDADDAQLAERLAEEWAALTPEERAPYVERAAALAA,RPMNAFMVWARIHRPALAKANPAANNAEISVQLGLEWNKLSEEQKKPYYDEAQKIKE,7JJK.pdb,7JJK.pdb,10,-119.6252670288086,0.6428738,0.46748292
0.3684210479259491,AVPDAFAVWAAEMRPALAAAYPDANEEELAALLAERWASLTPAERAPYVERAAALAA,RPMNAFMVWARIHRPALAKANPAANNAEISVQLGLEWNKLSEEQKKPYYDEAQKIKE,7JJK.pdb,7JJK.pdb,11,-123.37312316894533,0.59537435,0.75382763
0.3859649300575256,AVPDAFAVWAAERRPELAAALPDADDAELAELLRREWAALTPEERAPYVERAAALAA,RPMNAFMVWARIHRPALAKANPAANNAEISVQLGLEWNKLSEEQKKPYYDEAQKIKE,7JJK.pdb,7JJK.pdb,12,-118.01859283447266,0.62482166,0.4395362
0.3859649300575256,APADAFAVWAAERRPELAAAYPDADDAELAARLAEEWAQLTPAERAPYVEAAAALAA,RPMNAFMVWARIHRPALAKANPAANNAEISVQLGLEWNKLSEEQKKPYYDEAQKIKE,7JJK.pdb,7JJK.pdb,13,-121.4782943725586,0.60173917,0.38745373
0.4035087823867798,APPDAFEVWAAERRPELAAAYPDADDAELAARLAEEWAALTPEERAPYVARAAALAA,RPMNAFMVWARIHRPALAKANPAANNAEISVQLGLEWNKLSEEQKKPYYDEAQKIKE,7JJK.pdb,7JJK.pdb,14,-116.61891174316406,0.66906184,0.8428975
0.3684210479259491,APADAFEVWAAERRPELAAAYPDADDAALAERLREEWAALTPAERAPYEARAAALAA,RPMNAFMVWARIHRPALAKANPAANNAEISVQLGLEWNKLSEEQKKPYYDEAQKIKE,7JJK.pdb,7JJK.pdb,15,-116.39651489257812,0.63009393,0.894609
0.3859649300575256,AVPDAFEVWAAERRPELAAAYPDADDAELDALLREEWAALTPEERAPYVEAAAAAAA,RPMNAFMVWARIHRPALAKANPAANNAEISVQLGLEWNKLSEEQKKPYYDEAQKIKE,7JJK.pdb,7JJK.pdb,16,-122.78053283691406,0.66512275,0.52920026
0.4035087823867798,APADAFAVWAAERRPELAAAYPDADDAELAARLAEEWAALTPAEKAPYVARAAALAA,RPMNAFMVWARIHRPALAKANPAANNAEISVQLGLEWNKLSEEQKKPYYDEAQKIKE,7JJK.pdb,7JJK.pdb,17,-119.4384765625,0.64708346,1.4524914
0.3859649300575256,KVPDAFDVWAAEMRPALAAAYPDADDAQLDALLRELWAALTPEEKAPYVERAAALAA,RPMNAFMVWARIHRPALAKANPAANNAEISVQLGLEWNKLSEEQKKPYYDEAQKIKE,7JJK.pdb,7JJK.pdb,18,-135.0045166015625,0.68522906,1.9707173
0.3684210479259491,APADAFDVWAAERRPELAAAYPDADDEQLAALLREEWAALTPEERAPYVERAAALAA,RPMNAFMVWARIHRPALAKANPAANNAEISVQLGLEWNKLSEEQKKPYYDEAQKIKE,7JJK.pdb,7JJK.pdb,19,-120.53181457519533,0.666371,0.9225661
0.3684210479259491,APPDAFAVWAAERRPELAAAYPDADDEELAALLAEEWASLTPAERAPYVERAAALAA,RPMNAFMVWARIHRPALAKANPAANNAEISVQLGLEWNKLSEEQKKPYYDEAQKIKE,7JJK.pdb,7JJK.pdb,20,-120.58029174804688,0.63429475,0.6634063
0.3859649300575256,APPDAFDVWAAERRPELAAAYPDADDAELAALLREEWAALTPAERAPYVERAAALAA,RPMNAFMVWARIHRPALAKANPAANNAEISVQLGLEWNKLSEEQKKPYYDEAQKIKE,7JJK.pdb,7JJK.pdb,21,-117.68868255615234,0.6696236,0.8291678
0.4210526347160339,APPDAFAVWAAEMRPALAAAFPDADDAELAARLRELWAALTPEEKAPYVARAAALAA,RPMNAFMVWARIHRPALAKANPAANNAEISVQLGLEWNKLSEEQKKPYYDEAQKIKE,7JJK.pdb,7JJK.pdb,22,-125.06570434570312,0.611735,1.7535233
0.4035087823867798,APADAFDVWAAERRPELAAAYPDADDAELAALLREEWAALTPEERAPYVERAAALAA,RPMNAFMVWARIHRPALAKANPAANNAEISVQLGLEWNKLSEEQKKPYYDEAQKIKE,7JJK.pdb,7JJK.pdb,23,-118.71942901611328,0.66509557,0.86265767
0.3859649300575256,APPDAFDVWAAERRPELAAAYPDADDAELAALLAEEWAALTPAERAPYEARAAALAA,RPMNAFMVWARIHRPALAKANPAANNAEISVQLGLEWNKLSEEQKKPYYDEAQKIKE,7JJK.pdb,7JJK.pdb,24,-117.5315933227539,0.6503415,0.8900722
0.3684210479259491,APPDAFAVWAAEERPRLAAAYPDADDAELDALLRERWAALTPAERAPYVERAAALAA,RPMNAFMVWARIHRPALAKANPAANNAEISVQLGLEWNKLSEEQKKPYYDEAQKIKE,7JJK.pdb,7JJK.pdb,25,-114.56403350830078,0.5809827,0.9800115
0.3859649300575256,APPDAFAVWAAEKRPELAAKYPDADDATLDALLKEEWAKLTPEERAPYVERAAALAA,RPMNAFMVWARIHRPALAKANPAANNAEISVQLGLEWNKLSEEQKKPYYDEAQKIKE,7JJK.pdb,7JJK.pdb,26,-119.5680923461914,0.6633763,1.1935234
0.3157894611358642,AVPDAFEVWAAEQRPALAAEYPDADDEQLEELLRERWAALTPAERAPYVERAAALAA,RPMNAFMVWARIHRPALAKANPAANNAEISVQLGLEWNKLSEEQKKPYYDEAQKIKE,7JJK.pdb,7JJK.pdb,27,-122.90020751953124,0.6159123,0.70902145
0.3859649300575256,AAPDAFAVWAARRRPELAAAYPDADDAALAERLREEWAALTPEERAPYVAEAAALAK,RPMNAFMVWARIHRPALAKANPAANNAEISVQLGLEWNKLSEEQKKPYYDEAQKIKE,7JJK.pdb,7JJK.pdb,28,-117.81947326660156,0.5959544,0.43738604
0.4561403393745422,APADAFDVWAAERRPALAAAYPDADDAELAERLRREWAALTPEQKAPYVERAAALAA,RPMNAFMVWARIHRPALAKANPAANNAEISVQLGLEWNKLSEEQKKPYYDEAQKIKE,7JJK.pdb,7JJK.pdb,29,-119.69011688232422,0.6114466,1.5004009
0.4035087823867798,APPDAFEVWAAERRPLLAAAYPDADDEQLAARLGEEWAKLTPEERAPYVERAAALAA,RPMNAFMVWARIHRPALAKANPAANNAEISVQLGLEWNKLSEEQKKPYYDEAQKIKE,7JJK.pdb,7JJK.pdb,30,-119.7073745727539,0.5959314,0.5565316
0.4210526347160339,APPDAFAVWAARRRPELAAAYPDADDAQLDELLAREWAALTPEERAPYVEEAARLAE,RPMNAFMVWARIHRPALAKANPAANNAEISVQLGLEWNKLSEEQKKPYYDEAQKIKE,7JJK.pdb,7JJK.pdb,31,-120.99742889404295,0.63620293,0.8359982
0.3859649300575256,APPDAFAVWAAEMRPELAAAFPDADDAQLEELLRQRWAALTPEEKAPYVERAAALAA,RPMNAFMVWARIHRPALAKANPAANNAEISVQLGLEWNKLSEEQKKPYYDEAQKIKE,7JJK.pdb,7JJK.pdb,32,-121.92125701904295,0.622547,1.5309876
0.3508771955966949,AVPDAFDVWAAERRPELAAAYPDADDATLAERLAEEWAALTPAERAPYVAAAAAAAA,RPMNAFMVWARIHRPALAKANPAANNAEISVQLGLEWNKLSEEQKKPYYDEAQKIKE,7JJK.pdb,7JJK.pdb,33,-119.3538818359375,0.612043,0.012440786
0.4210526347160339,APPDAFAVWAAEMRPVLAAKYPDANDAEIDALLRELWAKLTPAEKAPYVARAAALAA,RPMNAFMVWARIHRPALAKANPAANNAEISVQLGLEWNKLSEEQKKPYYDEAQKIKE,7JJK.pdb,7JJK.pdb,34,-137.30120849609375,0.68517613,2.2294157
0.3684210479259491,APPDAFAVWAAEMRPLLAAAYPDADDAQLDALLRELWAALTPEERAPYVERAAALAA,RPMNAFMVWARIHRPALAKANPAANNAEISVQLGLEWNKLSEEQKKPYYDEAQKIKE,7JJK.pdb,7JJK.pdb,35,-127.63540649414062,0.6776373,1.0660884
0.4035087823867798,APPDAFEVWAAERRPELAARYPDANDEELAELLAEEWAKLTPEERAPYVERAAALAA,RPMNAFMVWARIHRPALAKANPAANNAEISVQLGLEWNKLSEEQKKPYYDEAQKIKE,7JJK.pdb,7JJK.pdb,36,-119.56090545654295,0.6503656,1.0775685
0.3508771955966949,APPDAFDVWAAERRPELAARYPDADEATLAALLEEEWARLTPAERAPYVERAAALAA,RPMNAFMVWARIHRPALAKANPAANNAEISVQLGLEWNKLSEEQKKPYYDEAQKIKE,7JJK.pdb,7JJK.pdb,37,-120.89991760253906,0.68289876,1.2139386
0.3684210479259491,APPDAFAVWAAEMRPLLAAAYPDADDAELDARLRELWASLTPAERAPYVAAAAAAAA,RPMNAFMVWARIHRPALAKANPAANNAEISVQLGLEWNKLSEEQKKPYYDEAQKIKE,7JJK.pdb,7JJK.pdb,38,-123.86113739013672,0.6636791,0.77437437
0.3684210479259491,APADAFAVWAAERRPELAARYPDADDAQLDALLREEWARLTPAERQPYVDRAAALAA,RPMNAFMVWARIHRPALAKANPAANNAEISVQLGLEWNKLSEEQKKPYYDEAQKIKE,7JJK.pdb,7JJK.pdb,39,-122.09375,0.6705177,0.9290076
0.3859649300575256,AAPDAFDVWAAEQRPALAAAYPDADDAELDARLRELWAKLTPAERAPYVERAAALAA,RPMNAFMVWARIHRPALAKANPAANNAEISVQLGLEWNKLSEEQKKPYYDEAQKIKE,7JJK.pdb,7JJK.pdb,40,-121.53816986083984,0.64335287,0.5039856
0.3859649300575256,APPDAFDVWAADMRPALAAAYPDADDAQLEALLRELWAKLTPAERAPYVAAAAALAA,RPMNAFMVWARIHRPALAKANPAANNAEISVQLGLEWNKLSEEQKKPYYDEAQKIKE,7JJK.pdb,7JJK.pdb,41,-130.9529571533203,0.66298854,0.16642375
0.3859649300575256,APPDAFEVWAAERRPELAAAFPDADDAALAERLREEWAALTPAERAPYVAAAAALAE,RPMNAFMVWARIHRPALAKANPAANNAEISVQLGLEWNKLSEEQKKPYYDEAQKIKE,7JJK.pdb,7JJK.pdb,42,-118.39579010009766,0.59538215,0.49881136
0.3684210479259491,AVPDAFDVWAAERRPELAAAYPDADDAELAALLAEEWAALTPAERAPYVERAAALAA,RPMNAFMVWARIHRPALAKANPAANNAEISVQLGLEWNKLSEEQKKPYYDEAQKIKE,7JJK.pdb,7JJK.pdb,43,-117.75505828857422,0.69185126,0.7865293
0.3333333432674408,AVPDAFAVWAAERRPELAAEFPDADDEELAARLREEWAALTPAERAPYVERAAALAA,RPMNAFMVWARIHRPALAKANPAANNAEISVQLGLEWNKLSEEQKKPYYDEAQKIKE,7JJK.pdb,7JJK.pdb,44,-116.71910858154295,0.64237726,0.6304692
0.3859649300575256,AVPDAFDVWAAEMRPRLAAAYPDADDEELAARLREEWARLTPEEKAPYVERAAALAA,RPMNAFMVWARIHRPALAKANPAANNAEISVQLGLEWNKLSEEQKKPYYDEAQKIKE,7JJK.pdb,7JJK.pdb,45,-125.37789916992188,0.6139405,1.686539
0.4035087823867798,APPDAFAVWAAERRPELAAAYPDADDAQLAERLREEWAALTPEEKAPYVERAAALAA,RPMNAFMVWARIHRPALAKANPAANNAEISVQLGLEWNKLSEEQKKPYYDEAQKIKE,7JJK.pdb,7JJK.pdb,46,-117.26703643798828,0.6097872,1.2803397
0.4035087823867798,APPDAFEVWAAERRPELAAAYPDADDETLARLLAEEWAALTPEEKAPYVERAAALAE,RPMNAFMVWARIHRPALAKANPAANNAEISVQLGLEWNKLSEEQKKPYYDEAQKIKE,7JJK.pdb,7JJK.pdb,47,-123.63656616210938,0.6400013,1.395332
0.3684210479259491,AAPDAFDVWAAERRPELAAKYPDADDAQLDELLREIWAALTPEEKAPYVERAAALKK,RPMNAFMVWARIHRPALAKANPAANNAEISVQLGLEWNKLSEEQKKPYYDEAQKIKE,7JJK.pdb,7JJK.pdb,48,-134.4715118408203,0.66706324,1.3882779
0.3508771955966949,AVPDAFAVWAAERRPELAAAYPDADDEQLAALLREEWAALTPEERAPYVERAAALAK,RPMNAFMVWARIHRPALAKANPAANNAEISVQLGLEWNKLSEEQKKPYYDEAQKIKE,7JJK.pdb,7JJK.pdb,49,-124.56758880615234,0.6568812,0.90384287
0.3508771955966949,APPDAFDVWAAERRPELAAAFPDADDETLAARLREEWAALTPAERAPYVERAAALAA,RPMNAFMVWARIHRPALAKANPAANNAEISVQLGLEWNKLSEEQKKPYYDEAQKIKE,7JJK.pdb,7JJK.pdb,50,-115.62383270263672,0.61789536,0.53151715
0.3859649300575256,AAPDAFAVWAAERRPELAAAYPDADDEELAARLREEWAALTPEERAPYVERAAALKA,RPMNAFMVWARIHRPALAKANPAANNAEISVQLGLEWNKLSEEQKKPYYDEAQKIKE,7JJK.pdb,7JJK.pdb,51,-115.915283203125,0.636387,0.5793954
0.3859649300575256,APPDAFAVWAAEMRPALAAAYPDADDAQLAERLRELWAQLTPEERQPYVERAAALAA,RPMNAFMVWARIHRPALAKANPAANNAEISVQLGLEWNKLSEEQKKPYYDEAQKIKE,7JJK.pdb,7JJK.pdb,52,-126.00320434570312,0.6142713,0.73776394
0.4035087823867798,APPDAFAVWAAEQRPELAAAYPDADDAELDALLRERWAALTPEERAPYVARAAALAE,RPMNAFMVWARIHRPALAKANPAANNAEISVQLGLEWNKLSEEQKKPYYDEAQKIKE,7JJK.pdb,7JJK.pdb,53,-119.2353515625,0.53798485,0.21693395
0.3333333432674408,AAPDAFAVWAAEMRPRLAAEFPDADDAQLAERLRELWARLTPAERAPYVERARALAE,RPMNAFMVWARIHRPALAKANPAANNAEISVQLGLEWNKLSEEQKKPYYDEAQKIKE,7JJK.pdb,7JJK.pdb,54,-128.49342346191406,0.62352765,0.5502014
0.3859649300575256,APPDAFEVWAAERRPELAAAFPDADDATLAERLREEWAALTPAEKAPYVERAAALAA,RPMNAFMVWARIHRPALAKANPAANNAEISVQLGLEWNKLSEEQKKPYYDEAQKIKE,7JJK.pdb,7JJK.pdb,55,-118.5078582763672,0.62875247,1.2894524
0.3859649300575256,APADAFDVWAAEKRPELAAAYPDADDAELAERLRREWAALTPAERAPYVARAAALAK,RPMNAFMVWARIHRPALAKANPAANNAEISVQLGLEWNKLSEEQKKPYYDEAQKIKE,7JJK.pdb,7JJK.pdb,56,-124.53359985351562,0.6409669,1.1695769
0.3508771955966949,APADAFDVWAAEKRPELAAAYPDADDEQLDALLREEWAALTPAERAPYVAAAAAAAA,RPMNAFMVWARIHRPALAKANPAANNAEISVQLGLEWNKLSEEQKKPYYDEAQKIKE,7JJK.pdb,7JJK.pdb,57,-127.29208374023438,0.607281,0.6628017
0.3508771955966949,APADAFAVWAAEMRPLLAAAYPDADDAQLDELLRERWAALTPAERAPYVERAAALAA,RPMNAFMVWARIHRPALAKANPAANNAEISVQLGLEWNKLSEEQKKPYYDEAQKIKE,7JJK.pdb,7JJK.pdb,58,-121.3587646484375,0.6506687,0.73378474
0.3684210479259491,APPDAFAVWAAERRPELAAAYPDADEEQLAERLREEWAALTPEERAPYVERAAALAA,RPMNAFMVWARIHRPALAKANPAANNAEISVQLGLEWNKLSEEQKKPYYDEAQKIKE,7JJK.pdb,7JJK.pdb,59,-115.7222900390625,0.6202712,0.5503043
0.3333333432674408,APPDAFDVWAAEERPRLAAAYPDADDETLDALLRERWAALTPAERAPYVARAAALAA,RPMNAFMVWARIHRPALAKANPAANNAEISVQLGLEWNKLSEEQKKPYYDEAQKIKE,7JJK.pdb,7JJK.pdb,60,-121.43734741210938,0.60266614,0.8952938
0.3859649300575256,AVPDAFAVWAAEERPKLAAAYPDADDAEIDALLRERWAKLTPAERAPYVERAAALAA,RPMNAFMVWARIHRPALAKANPAANNAEISVQLGLEWNKLSEEQKKPYYDEAQKIKE,7JJK.pdb,7JJK.pdb,61,-119.67632293701172,0.64325565,1.3395053
0.3859649300575256,APPDAFAVWAAERRPELAAAFPDADDATLDARLREEWAALTPEERQPYVERAAALAA,RPMNAFMVWARIHRPALAKANPAANNAEISVQLGLEWNKLSEEQKKPYYDEAQKIKE,7JJK.pdb,7JJK.pdb,62,-114.69253540039062,0.59117955,0.6769947
0.3859649300575256,APPDAFAVWAAERRPELAARYPDADDEELDRLLAEEWAALTPEEKAPYVERAAALAA,RPMNAFMVWARIHRPALAKANPAANNAEISVQLGLEWNKLSEEQKKPYYDEAQKIKE,7JJK.pdb,7JJK.pdb,63,-123.16999816894533,0.6369972,1.4415643
0.3684210479259491,APPDAFAVWAAEMRPELAAAYPDADDAQLDELLRERWAALTPEERAPYVERAAALAA,RPMNAFMVWARIHRPALAKANPAANNAEISVQLGLEWNKLSEEQKKPYYDEAQKIKE,7JJK.pdb,7JJK.pdb,64,-119.88260650634766,0.6276386,0.7482872
0.3508771955966949,AVPDAFDVWAAEMRPELAAAYPDADDAELAALLAERWAALTPAERAPYVERAAALAA,RPMNAFMVWARIHRPALAKANPAANNAEISVQLGLEWNKLSEEQKKPYYDEAQKIKE,7JJK.pdb,7JJK.pdb,65,-117.53253173828124,0.63655376,0.4648115
0.3859649300575256,AAPDAFQVWAAEQRPLLAAAYPDADDAQIDALLRELWAALTPEEKAPYVERAAALAA,RPMNAFMVWARIHRPALAKANPAANNAEISVQLGLEWNKLSEEQKKPYYDEAQKIKE,7JJK.pdb,7JJK.pdb,66,-131.77699279785156,0.64953375,1.8058203
0.3684210479259491,APPDAFDVWAAERRPELAAAYPDADDEQLAALLREEWAALTPEERAPYVERAAALAA,RPMNAFMVWARIHRPALAKANPAANNAEISVQLGLEWNKLSEEQKKPYYDEAQKIKE,7JJK.pdb,7JJK.pdb,67,-119.78230285644533,0.6599849,0.872539
0.3157894611358642,KPPDAFEVWAAEMRPELAAKYPDADDEQLAALLRELWAALTPAERAPYVARAAALAA,RPMNAFMVWARIHRPALAKANPAANNAEISVQLGLEWNKLSEEQKKPYYDEAQKIKE,7JJK.pdb,7JJK.pdb,68,-137.69606018066406,0.6676683,1.4721118
0.4210526347160339,AAPDAFAVWAAEKRPELAAAYPDANDEELDALLREEWAALTPEQRKPYEERAAALAA,RPMNAFMVWARIHRPALAKANPAANNAEISVQLGLEWNKLSEEQKKPYYDEAQKIKE,7JJK.pdb,7JJK.pdb,69,-126.7765884399414,0.62402225,1.3587809
0.3859649300575256,APPDAFDVWAAEQRPLLAAAYPDADDEELAALLRELWAALTPEEKAPYVERAAALAA,RPMNAFMVWARIHRPALAKANPAANNAEISVQLGLEWNKLSEEQKKPYYDEAQKIKE,7JJK.pdb,7JJK.pdb,70,-135.0945587158203,0.56975085,1.563572
0.3684210479259491,APPDAFDVWAAERRPELAARYPDADDEQLARLLAEEWASLTPEEKAPYVERAAALAA,RPMNAFMVWARIHRPALAKANPAANNAEISVQLGLEWNKLSEEQKKPYYDEAQKIKE,7JJK.pdb,7JJK.pdb,71,-120.76515197753906,0.67042416,1.6034116
0.4210526347160339,APKDAFEVWAAEKRPELAAKYPDADDATLDELLREEWAKLTPEEKAPYVERAKALAE,RPMNAFMVWARIHRPALAKANPAANNAEISVQLGLEWNKLSEEQKKPYYDEAQKIKE,7JJK.pdb,7JJK.pdb,72,-127.02601623535156,0.6167129,1.6625384
0.3508771955966949,AVPDAFDVWAAEMRPLLAAAFPDADDATLDERLRELWAALTPEERAPYVERAAALAA,RPMNAFMVWARIHRPALAKANPAANNAEISVQLGLEWNKLSEEQKKPYYDEAQKIKE,7JJK.pdb,7JJK.pdb,73,-127.43453216552734,0.67561877,0.6767553
0.4210526347160339,APPDAFDVWAAEMRPLLAAAYPDANDAELAELLGELWAKLTPAERAPYVERAAALAA,RPMNAFMVWARIHRPALAKANPAANNAEISVQLGLEWNKLSEEQKKPYYDEAQKIKE,7JJK.pdb,7JJK.pdb,74,-133.46554565429688,0.6147226,1.0924147
0.3859649300575256,APPDAFDVWAARRRPELAAAYPDADDEQLAARLAEEWAALTPEERAPYVAEAAALAA,RPMNAFMVWARIHRPALAKANPAANNAEISVQLGLEWNKLSEEQKKPYYDEAQKIKE,7JJK.pdb,7JJK.pdb,75,-118.60235595703124,0.61804426,0.28462267
0.4035087823867798,APPDAFDVWAAERRPELAAAYPDADDEQLAERLAEEWAALTPEQRAPYVERARALAE,RPMNAFMVWARIHRPALAKANPAANNAEISVQLGLEWNKLSEEQKKPYYDEAQKIKE,7JJK.pdb,7JJK.pdb,76,-121.76667785644533,0.62614346,0.2859686
0.3859649300575256,APPDAFDVWAAERRPELAAAYPDADDEELAERLREEWAALTPAEKAPYVERAAALAA,RPMNAFMVWARIHRPALAKANPAANNAEISVQLGLEWNKLSEEQKKPYYDEAQKIKE,7JJK.pdb,7JJK.pdb,77,-125.09960174560548,0.6282905,1.2782488
0.3684210479259491,APADAFDVWAAEMRPLLAAAYPDADDEELDARLRELWASLTPEERAPYVERAAALAA,RPMNAFMVWARIHRPALAKANPAANNAEISVQLGLEWNKLSEEQKKPYYDEAQKIKE,7JJK.pdb,7JJK.pdb,78,-127.06257629394533,0.68170285,0.9195784
0.4385964870452881,APPDAFDVWAAERRPELAAAFPDADDAEIDARLAEEWAALTPEQRAPYVERAAALAA,RPMNAFMVWARIHRPALAKANPAANNAEISVQLGLEWNKLSEEQKKPYYDEAQKIKE,7JJK.pdb,7JJK.pdb,79,-121.82479858398438,0.5728408,0.38908803
0.3859649300575256,APPDAFAVWAAERRPELAAAYPDADDATLAARLAEEWAALTPEERAPYVARAAALAA,RPMNAFMVWARIHRPALAKANPAANNAEISVQLGLEWNKLSEEQKKPYYDEAQKIKE,7JJK.pdb,7JJK.pdb,80,-113.14886474609376,0.60315776,0.4213825
0.3333333432674408,AVPDAFDVWAAEQRPRLAAAYPDADDEELAALLRRLWAALTPAERAPYVERAAALAA,RPMNAFMVWARIHRPALAKANPAANNAEISVQLGLEWNKLSEEQKKPYYDEAQKIKE,7JJK.pdb,7JJK.pdb,81,-128.3870391845703,0.5858903,0.35676628
0.3859649300575256,APPDAFAVWAAERRPELAAAYPDADDAALDERLREEWAALTPEERAPYVERAAALAA,RPMNAFMVWARIHRPALAKANPAANNAEISVQLGLEWNKLSEEQKKPYYDEAQKIKE,7JJK.pdb,7JJK.pdb,82,-118.31570434570312,0.58930844,0.718402
0.3859649300575256,APPDAFDVWAAEMRPALAAAFPDADDAQLDELLRELWAALTPEERAPYVERAAALAA,RPMNAFMVWARIHRPALAKANPAANNAEISVQLGLEWNKLSEEQKKPYYDEAQKIKE,7JJK.pdb,7JJK.pdb,83,-129.45083618164062,0.6666025,0.78005517
0.3684210479259491,KPADAFAVWAAERRPELAAAYPDADDEQLAERLAEEWAKLTPAERAPYVERAAALAA,RPMNAFMVWARIHRPALAKANPAANNAEISVQLGLEWNKLSEEQKKPYYDEAQKIKE,7JJK.pdb,7JJK.pdb,84,-117.77359008789062,0.6168287,0.7724155
0.4035087823867798,AAPDAFEVWAARMRPELAAALPDADDEEIDALLRELWAKLTPEERAPYVEEAAALAA,RPMNAFMVWARIHRPALAKANPAANNAEISVQLGLEWNKLSEEQKKPYYDEAQKIKE,7JJK.pdb,7JJK.pdb,85,-135.86607360839844,0.6334351,0.132557
0.3684210479259491,AAPDAFDVWAAERRPELAAAYPDADDAQLDALLREEWAALTPEERAPYVERAAALAA,RPMNAFMVWARIHRPALAKANPAANNAEISVQLGLEWNKLSEEQKKPYYDEAQKIKE,7JJK.pdb,7JJK.pdb,86,-121.35118865966795,0.6874177,0.752668
0.3859649300575256,APPDAFAVWAAERRPELAAAYPDADAAQLAARLAEEWAALTPEEREPYVRRAAALAA,RPMNAFMVWARIHRPALAKANPAANNAEISVQLGLEWNKLSEEQKKPYYDEAQKIKE,7JJK.pdb,7JJK.pdb,87,-116.0157470703125,0.57856953,0.08470671
0.4385964870452881,APADAFAVWAAERRPEYAAAYPDANDAELDELLREEWAKLTPAQKAPYVEKAAALAA,RPMNAFMVWARIHRPALAKANPAANNAEISVQLGLEWNKLSEEQKKPYYDEAQKIKE,7JJK.pdb,7JJK.pdb,88,-131.04112243652344,0.6198904,1.5630227
0.4210526347160339,APPDAFAVWAAERRPELAAAFPDADDEELAARLREEWAKLTPEERKPYEERAAALAR,RPMNAFMVWARIHRPALAKANPAANNAEISVQLGLEWNKLSEEQKKPYYDEAQKIKE,7JJK.pdb,7JJK.pdb,89,-117.3092041015625,0.5790961,0.9003566
0.3333333432674408,AVPDAFDVWAAERYPELAAAYPDADAEQLAARLREEWAALTPEERAPYVERAAALAA,RPMNAFMVWARIHRPALAKANPAANNAEISVQLGLEWNKLSEEQKKPYYDEAQKIKE,7JJK.pdb,7JJK.pdb,90,-119.25515747070312,0.69039536,1.0630852
0.3859649300575256,APPDAFDVWAAEMRPLLAAAFPDADDEELDRLLGELWAKLTPAERAPYVARAAALAA,RPMNAFMVWARIHRPALAKANPAANNAEISVQLGLEWNKLSEEQKKPYYDEAQKIKE,7JJK.pdb,7JJK.pdb,91,-134.04751586914062,0.6421271,1.0876747
0.3684210479259491,AVPDAFDVWAAERRPELAAKYPDADEATLDELLREEWAALTPEERAPYVARAAALAE,RPMNAFMVWARIHRPALAKANPAANNAEISVQLGLEWNKLSEEQKKPYYDEAQKIKE,7JJK.pdb,7JJK.pdb,92,-128.6656494140625,0.69616115,0.9711248
0.4385964870452881,APKDAFDVWAAERRPELAAAYPDADDATLDALLREEWAKLTPEQRKPYEEAAAAEAA,RPMNAFMVWARIHRPALAKANPAANNAEISVQLGLEWNKLSEEQKKPYYDEAQKIKE,7JJK.pdb,7JJK.pdb,93,-127.67534637451172,0.5897223,0.8682114
0.3859649300575256,APPDAFAVWAAERRPELAAAYPDADDAELAELLRREWAALTPAERAPYVERAAALAA,RPMNAFMVWARIHRPALAKANPAANNAEISVQLGLEWNKLSEEQKKPYYDEAQKIKE,7JJK.pdb,7JJK.pdb,94,-114.8082046508789,0.6396458,0.8997113
0.4035087823867798,APPDAFDVWAARMRPELAAAYPDADDAELDELLRRLWAELTPEERAPYVAEAAALAA,RPMNAFMVWARIHRPALAKANPAANNAEISVQLGLEWNKLSEEQKKPYYDEAQKIKE,7JJK.pdb,7JJK.pdb,95,-129.60549926757812,0.6569754,0.828737
0.3508771955966949,AVPDAFDVWAAERRPELAAAFPDADDEELAALLRELWAALTPEERAPYVERAAALAA,RPMNAFMVWARIHRPALAKANPAANNAEISVQLGLEWNKLSEEQKKPYYDEAQKIKE,7JJK.pdb,7JJK.pdb,96,-126.83605194091795,0.6012449,0.46446526
0.3684210479259491,AVPDAFAVWAAERRPELAAAYPDADDAALAARLREEWAALTPEERAPYVERAAALAA,RPMNAFMVWARIHRPALAKANPAANNAEISVQLGLEWNKLSEEQKKPYYDEAQKIKE,7JJK.pdb,7JJK.pdb,97,-114.08042907714844,0.6192962,0.615191
0.3684210479259491,AVPDAFEVWAAERRPELAAALPDADDEELAALLAEEWAKLTPAERAPYVERAAALAA,RPMNAFMVWARIHRPALAKANPAANNAEISVQLGLEWNKLSEEQKKPYYDEAQKIKE,7JJK.pdb,7JJK.pdb,98,-122.01370239257812,0.6629878,0.4576481
0.3859649300575256,APPDAFAVWAAEMRPELAAKYPDADDAAIDELLRERWAALTPEEKAPYVARAAALRA,RPMNAFMVWARIHRPALAKANPAANNAEISVQLGLEWNKLSEEQKKPYYDEAQKIKE,7JJK.pdb,7JJK.pdb,99,-123.63792419433594,0.61876464,1.8575557
0.3508771955966949,APADAFAVWAAEMRPLLAAAYPDADDAQLAALLRELWAALTPAERAPYVEAAAAAAA,RPMNAFMVWARIHRPALAKANPAANNAEISVQLGLEWNKLSEEQKKPYYDEAQKIKE,7JJK.pdb,7JJK.pdb,100,-128.5067596435547,0.5492276,0.63710374
0.3684210479259491,AVPDAFAVWAAEQRPALAAAYPDADDEELEELLRRLWAELTPEERAPYVERAAALAA,RPMNAFMVWARIHRPALAKANPAANNAEISVQLGLEWNKLSEEQKKPYYDEAQKIKE,7JJK.pdb,7JJK.pdb,101,-127.75962829589844,0.6198044,0.9768749
0.3859649300575256,AVPDAFQVWAARQRPVLAAAYPDADDAELDALLRERWAALTPEERAPYVEEAARLAA,RPMNAFMVWARIHRPALAKANPAANNAEISVQLGLEWNKLSEEQKKPYYDEAQKIKE,7JJK.pdb,7JJK.pdb,102,-124.10603332519533,0.60307604,0.45985234
0.3684210479259491,APPDAFEVWAAERRPELAAAYPDADDEQLAALLREEWARLTPEERAPYVERAAALAR,RPMNAFMVWARIHRPALAKANPAANNAEISVQLGLEWNKLSEEQKKPYYDEAQKIKE,7JJK.pdb,7JJK.pdb,103,-123.03524780273438,0.6464411,1.0989571
0.3859649300575256,APPDAFDVWAAEMRPALAAAYPDADDAQLAELLRERWAALTPAEKQPYVERAAALAA,RPMNAFMVWARIHRPALAKANPAANNAEISVQLGLEWNKLSEEQKKPYYDEAQKIKE,7JJK.pdb,7JJK.pdb,104,-121.25448608398438,0.60654676,1.5101808
0.3859649300575256,APADAFDVWAAERRPELAAAFPDADDEELAALLREEWAALTPEERAPYVERAAALAA,RPMNAFMVWARIHRPALAKANPAANNAEISVQLGLEWNKLSEEQKKPYYDEAQKIKE,7JJK.pdb,7JJK.pdb,105,-121.80290985107422,0.64279467,0.6818814
0.4035087823867798,APPDAFEVWAAERRPELAAAYPDADDAQLAELLAEEWAKLTPEERAPYVERAAALAA,RPMNAFMVWARIHRPALAKANPAANNAEISVQLGLEWNKLSEEQKKPYYDEAQKIKE,7JJK.pdb,7JJK.pdb,106,-117.17552185058594,0.66394186,1.0248908
0.3684210479259491,APPDAFAVWAAEMRPELAAAYPDADDAQLDALLRERWAALTPEERAPYVERAAALAA,RPMNAFMVWARIHRPALAKANPAANNAEISVQLGLEWNKLSEEQKKPYYDEAQKIKE,7JJK.pdb,7JJK.pdb,107,-117.41425323486328,0.62650466,0.7682155
0.3859649300575256,APADAFDVWAAERRPELAAAYPDADDAALDELLRRLWASLTPEEKAPYVERAAALAA,RPMNAFMVWARIHRPALAKANPAANNAEISVQLGLEWNKLSEEQKKPYYDEAQKIKE,7JJK.pdb,7JJK.pdb,108,-129.3439483642578,0.6227689,1.4471612
0.3508771955966949,AVPDAFDVWAAERRPELAAAYPEADDATLDALLAEEWAALTPAERAPYVERAAALAA,RPMNAFMVWARIHRPALAKANPAANNAEISVQLGLEWNKLSEEQKKPYYDEAQKIKE,7JJK.pdb,7JJK.pdb,109,-122.3583755493164,0.6876308,0.74331236
0.4210526347160339,APADAFAVWAAERRPKLAAAYPDADDAELAARLAEEWAALTPEEKAPYVERAAALAA,RPMNAFMVWARIHRPALAKANPAANNAEISVQLGLEWNKLSEEQKKPYYDEAQKIKE,7JJK.pdb,7JJK.pdb,110,-116.72594451904295,0.6097862,1.3692393
0.3859649300575256,APPDAFAVWAAERRPELAAAYPDADDAELAARLAEEWAALTPAERAPYVERAAALAA,RPMNAFMVWARIHRPALAKANPAANNAEISVQLGLEWNKLSEEQKKPYYDEAQKIKE,7JJK.pdb,7JJK.pdb,111,-112.12322235107422,0.6413052,0.4264214
0.3508771955966949,APPDAFAVWAAEERPRLAAAYPDADDEQLEALLRERWAALTPAEKQPYVERAAALAA,RPMNAFMVWARIHRPALAKANPAANNAEISVQLGLEWNKLSEEQKKPYYDEAQKIKE,7JJK.pdb,7JJK.pdb,112,-120.82120513916016,0.5847875,1.5478288
0.3859649300575256,AVPDAFDVWAAERRPELAAAYPDADDAELDELLREEWAALTPEERAPYVERAAALAL,RPMNAFMVWARIHRPALAKANPAANNAEISVQLGLEWNKLSEEQKKPYYDEAQKIKE,7JJK.pdb,7JJK.pdb,113,-127.8818817138672,0.67468286,0.86227685
0.3684210479259491,APADAFDVWAAEMRPELAAAYPDADDEELAALLKERWAALTPAEKAPYVERAAALAA,RPMNAFMVWARIHRPALAKANPAANNAEISVQLGLEWNKLSEEQKKPYYDEAQKIKE,7JJK.pdb,7JJK.pdb,114,-125.954833984375,0.63633686,1.5631975
0.3684210479259491,APADAFDVWAAERRPELAAALPDADDEQLAALLREEWAALTPEERAPYVERAAALAA,RPMNAFMVWARIHRPALAKANPAANNAEISVQLGLEWNKLSEEQKKPYYDEAQKIKE,7JJK.pdb,7JJK.pdb,115,-121.2462158203125,0.63608515,0.33617026
0.4035087823867798,APADAFAVWAAERRPELAAAYPDADDAELAARLREEWAALTPAEKAPYVERAAALAA,RPMNAFMVWARIHRPALAKANPAANNAEISVQLGLEWNKLSEEQKKPYYDEAQKIKE,7JJK.pdb,7JJK.pdb,116,-117.95967864990234,0.63604563,1.3488759
0.3859649300575256,APPDAFEVWAAERRPELAAAYPDADDETLAARLAEEWAALTPEERAPYVERARALAE,RPMNAFMVWARIHRPALAKANPAANNAEISVQLGLEWNKLSEEQKKPYYDEAQKIKE,7JJK.pdb,7JJK.pdb,117,-117.4931182861328,0.62940687,0.5979576
0.4035087823867798,APPDAFDVWAAERRPELAAAYPDADDAELAERLREEWAALTPEERAPYEARAAALAA,RPMNAFMVWARIHRPALAKANPAANNAEISVQLGLEWNKLSEEQKKPYYDEAQKIKE,7JJK.pdb,7JJK.pdb,118,-119.35224151611328,0.60579765,0.9162825
0.3684210479259491,AVPDAFEVWAAEMRPELAAAFPDADDAELDARLRELWAELTPEERAPYVARAAALAA,RPMNAFMVWARIHRPALAKANPAANNAEISVQLGLEWNKLSEEQKKPYYDEAQKIKE,7JJK.pdb,7JJK.pdb,119,-127.35806274414062,0.68363214,1.0607665
0.4035087823867798,APPDAFAVWAAEMRPELAAAHPDADDEQLAALLRERWAKLTPEEKAPYVERAAALKA,RPMNAFMVWARIHRPALAKANPAANNAEISVQLGLEWNKLSEEQKKPYYDEAQKIKE,7JJK.pdb,7JJK.pdb,120,-123.08675384521484,0.48217282,1.1882609
0.3508771955966949,AVPDAFAVWAAEMRPKLAAAFPDADDEELDARLRELWAALTPEERAPYVARAAALAK,RPMNAFMVWARIHRPALAKANPAANNAEISVQLGLEWNKLSEEQKKPYYDEAQKIKE,7JJK.pdb,7JJK.pdb,121,-131.6266632080078,0.6827635,0.8927853
0.3859649300575256,AVPDAFDVWAAERRPELAAAFPDADDEELAARLGEEWAALTPEERAPYVERARALAL,RPMNAFMVWARIHRPALAKANPAANNAEISVQLGLEWNKLSEEQKKPYYDEAQKIKE,7JJK.pdb,7JJK.pdb,122,-121.01467895507812,0.6299083,0.5824881
0.4035087823867798,APPDAFQVWAAEMRPELAAAFPDADDEELDALLRELWAKLTPAEKKPYVERAAALAK,RPMNAFMVWARIHRPALAKANPAANNAEISVQLGLEWNKLSEEQKKPYYDEAQKIKE,7JJK.pdb,7JJK.pdb,123,-146.01219177246094,0.64875394,1.6493465
0.4035087823867798,APPDAFEVWAAEMRPRLAAEYPDADDEEIAARLREIWAELTPEEKKPYVERAEALRK,RPMNAFMVWARIHRPALAKANPAANNAEISVQLGLEWNKLSEEQKKPYYDEAQKIKE,7JJK.pdb,7JJK.pdb,124,-132.1452178955078,0.6363764,1.8341306
0.3859649300575256,AVPDAFDVWAAEMRPALAAAYPDADDAELDALLRRLWAQLTPEERAPYVARAAALAA,RPMNAFMVWARIHRPALAKANPAANNAEISVQLGLEWNKLSEEQKKPYYDEAQKIKE,7JJK.pdb,7JJK.pdb,125,-128.3173065185547,0.7079389,1.4487352
0.3684210479259491,APRDAFDVWAAERRPELAAAYPDADDETLEALLREEWAKLTPAERAPYVERAAAEAA,RPMNAFMVWARIHRPALAKANPAANNAEISVQLGLEWNKLSEEQKKPYYDEAQKIKE,7JJK.pdb,7JJK.pdb,126,-122.61495971679688,0.6559452,0.6956174
0.3508771955966949,APPDAFAVWAARMRPLLAAEFPDADDEELAARLRELWAALTPAERAPYEAEAAALAA,RPMNAFMVWARIHRPALAKANPAANNAEISVQLGLEWNKLSEEQKKPYYDEAQKIKE,7JJK.pdb,7JJK.pdb,127,-123.07605743408205,0.6117432,1.2099738
